parameter,ST,ST_conf,S1,S1_conf
mean_age,1.2893377172381397,1.168433550496566,-0.5379520901831845,0.5944613900133324
max_age,0.634100516674495,0.5856045089099884,-0.2528886801315171,0.5721766422776229
proportion_wearing_masks,0.8736496007515264,0.5102926378278226,-0.24518553311413818,0.711429280601792
healthcare_capacity,1.2564584311883513,1.4957358869519337,-0.029638327853452336,0.6340737614015207
self_isolate_proportion,1.6228276186002817,1.2329643079546446,-0.15796148426491302,0.9820048590291035
lockdown,0.8713010803193988,0.7819589115513863,0.016016909347111443,0.5342386739344934
lockdown_percentage,2.0244246124941285,1.746399610328343,-0.4848285580084545,0.6135005219440394
lockdown_compliance,0.9746359793330202,0.963457476536455,-0.4953968999530295,0.6364169243759367
