parameter,ST,ST_conf,S1,S1_conf
mean_age,0.5228576110109783,0.5950054176746767,0.04808782565951171,1.2201206385305925
max_age,32.18040308045223,83.90774801220786,-3.3507651974438826,9.743499409699737
proportion_wearing_masks,0.7701130591512372,0.8787658784993062,0.3730624283139441,1.2281963465344043
healthcare_capacity,31.419629690316235,81.82405213185851,-2.677765033590039,9.703651091167098
self_isolate_proportion,0.7838767819105359,0.6518466784048395,0.6129575618548257,1.4096872252027748
lockdown,0.4887760117974767,0.7843531040670311,0.3633164017696214,0.864376093565016
lockdown_percentage,0.5690643945600524,0.5850678857463935,0.34018023922660984,0.8939849010602254
lockdown_compliance,0.2811731935113878,0.3720595952310956,0.03480255611994107,0.7015055454088229
