parameter,ST,ST_conf,S1,S1_conf
mean_age,0.5442497165361517,0.5172649699045512,-0.3240362076484683,0.5927806482188767
max_age,1.1869591188293889,1.3549741576042582,0.2924624919117822,1.0521051637187009
proportion_wearing_masks,0.3973593042662608,0.4266286989110289,-0.21983321324777902,0.45753979225123476
healthcare_capacity,1.1066043041838194,1.2665161856236535,0.4749318504664843,0.7913326532777604
self_isolate_proportion,0.4029893233342591,0.25678233134212575,0.08458193084485359,0.8152001876737816
lockdown,0.8919809283376697,0.9462623291997037,-0.49783155935606926,0.8607583587322625
lockdown_percentage,0.512610030079403,0.46442126917106763,-0.5605293221181366,0.3892715744458695
lockdown_compliance,0.4650076452579381,0.6465127478827203,-0.6196250242417535,0.583635842362217
