parameter,ST,ST_conf,S1,S1_conf
mean_age,1.029491347755871,0.39774027139247625,-0.25294466057891846,0.2501432338334049
max_age,0.8890867951542322,0.3213309260372383,-0.051979938554365786,0.29801626514558205
proportion_wearing_masks,1.0725288585685129,0.37383389838737585,-0.08801810132137945,0.2737206653319571
healthcare_capacity,1.1980194222746816,0.3843614856423885,-0.13657378802534528,0.2616076801183245
self_isolate_proportion,1.0207560114028098,0.27646207541002876,-0.10664013397023166,0.3323300389974285
lockdown,1.0588932115783687,0.3771007120096522,-0.22721589916439053,0.2529858139116217
lockdown_percentage,0.7817060751068482,0.39673480680340134,-0.1602197043621287,0.2991508459292546
lockdown_compliance,0.9868799509116707,0.3248744241987289,-0.24993970487346542,0.2694464154712236
