parameter,ST,ST_conf,S1,S1_conf
mean_age,1.0809637973497623,8.801039350711688,0.12239464027501626,0.2937089651807541
max_age,0.9564182540591805,6.691193447225258,0.08129078924801018,0.2479770030578473
proportion_wearing_masks,0.2066112901181129,0.8618090315947647,0.1715907866041448,0.42679481151916426
healthcare_capacity,1.109893784408381,8.928224546328074,0.03701640145534612,0.7042068081376012
self_isolate_proportion,0.16580509425379614,0.7642068418853487,0.039900350007084216,0.26654023417829964
lockdown,1.0334420142728051,6.401779399613238,-0.01288374178791726,0.787081833410883
lockdown_percentage,0.9506686945339103,6.25553087753414,0.0035331022097968077,0.4281981946516088
lockdown_compliance,1.8798686948050756,11.818087386026756,0.10037459842059557,0.5016258448582473
