parameter,ST,ST_conf,S1,S1_conf
mean_age,1.0680172293245151,6.714399305422448,0.10149412985805696,0.20442405141030548
max_age,0.9861090048233444,6.558071307028029,0.07981363653373091,0.2668212434810396
proportion_wearing_masks,0.20732699280535866,0.8462866680738372,0.1885331479362428,0.37688406542423686
healthcare_capacity,1.1527812517848735,8.285105563805743,0.0758225781356169,0.5961421890859204
self_isolate_proportion,0.16366676579896358,0.7009435430769733,0.06551145371933219,0.2014982142921121
lockdown,1.028359058492651,6.545016699393943,-0.013189863295905947,0.6195743768945009
lockdown_percentage,0.9415624956916843,6.817105654969581,-0.0006706437756406393,0.6749097535148166
lockdown_compliance,1.877102211963233,10.140248707832603,0.04501610473097399,0.3436356282717928
